11682260,"WORDS WORDS WORDS WORDS WORDS"
20814973,"WORDS WORDS WORDS WORDS WORDS WORDS"
25348911,"WORDS WORDS WORDS"
14873462,"WORDS WORDS WORDS WORDS WORDS WORDS WORDS WORDS WORDS WORDS WORDS WORDS WORDS WORDS WORDS WORDS WORDS WORDS"
15914213,"WORDS WORDS WORDS WORDS WORDS WORDS WORDS WORDS"
20630855,"WORDS WORDS WORDS WORDS WORDS WORDS WORDS WORDS WORDS"
2681543,"WORDS WORDS WORDS WORDS WORDS"
3277157,"WORDS WORDS WORDS WORDS WORDS WORDS WORDS"
23407764,"WORDS WORDS WORDS WORDS"
19634800,"WORDS WORDS WORDS WORDS WORDS WORDS WORDS WORDS WORDS WORDS WORDS WORDS WORDS WORDS WORDS WORDS"
1777377,"WORDS WORDS WORDS WORDS"
5828372,"WORDS WORDS WORDS WORDS WORDS WORDS"
15837102,"WORDS WORDS WORDS WORDS WORDS WORDS WORDS"
21758466,"WORDS WORDS WORDS WORDS"
2784797,"WORDS WORDS WORDS WORDS WORDS WORDS WORDS WORDS WORDS WORDS"
22922668,"WORDS WORDS WORDS WORDS WORDS WORDS WORDS"
21166883,"WORDS WORDS WORDS WORDS WORDS WORDS WORDS WORDS"
13043290,"WORDS WORDS WORDS WORDS WORDS"
22377044,"WORDS WORDS WORDS WORDS WORDS"
11150265,"WORDS WORDS WORDS WORDS WORDS WORDS WORDS WORDS"
14420315,"WORDS WORDS WORDS WORDS WORDS WORDS"
24316032,"WORDS WORDS WORDS WORDS WORDS WORDS WORDS WORDS WORDS WORDS WORDS"
17360244,"WORDS WORDS WORDS WORDS WORDS"
22491255,"WORDS WORDS WORDS WORDS WORDS WORDS WORDS WORDS WORDS WORDS WORDS WORDS WORDS WORDS WORDS WORDS WORDS WORDS"
7746238,"WORDS WORDS WORDS"
7953553,"WORDS WORDS WORDS WORDS WORDS WORDS WORDS WORDS WORDS WORDS"
23541081,"WORDS WORDS WORDS WORDS WORDS WORDS WORDS WORDS WORDS WORDS WORDS WORDS"
22747073,"WORDS WORDS WORDS WORDS WORDS WORDS WORDS WORDS WORDS"
13541221,"WORDS WORDS WORDS WORDS WORDS WORDS WORDS WORDS WORDS WORDS"
11579822,"WORDS WORDS WORDS WORDS WORDS WORDS WORDS"
9948722,"WORDS WORDS WORDS WORDS WORDS WORDS"
17306698,"WORDS WORDS WORDS WORDS WORDS WORDS WORDS WORDS"
3785365,"WORDS WORDS WORDS WORDS"
9069747,"WORDS WORDS WORDS WORDS WORDS WORDS WORDS WORDS WORDS WORDS WORDS"
4983250,"WORDS WORDS WORDS WORDS WORDS"
2048867,"WORDS WORDS WORDS WORDS WORDS WORDS WORDS WORDS WORDS WORDS WORDS WORDS WORDS"
23169785,"WORDS WORDS WORDS WORDS"
20340800,"WORDS WORDS WORDS"
22869524,"WORDS WORDS WORDS WORDS WORDS"
6398908,"WORDS WORDS WORDS WORDS WORDS WORDS WORDS WORDS WORDS"
23482903,"WORDS WORDS WORDS WORDS WORDS WORDS"
21476861,"WORDS WORDS WORDS WORDS WORDS WORDS"
12532051,"WORDS WORDS WORDS WORDS WORDS WORDS WORDS WORDS WORDS WORDS WORDS WORDS WORDS"
8929717,"WORDS WORDS WORDS WORDS WORDS WORDS WORDS WORDS"
18329434,"WORDS WORDS WORDS WORDS WORDS WORDS WORDS WORDS"
4397555,"WORDS WORDS WORDS WORDS"
20281448,"WORDS WORDS WORDS WORDS WORDS WORDS WORDS WORDS WORDS WORDS"
25489400,"WORDS WORDS WORDS WORDS"
22139184,"WORDS WORDS WORDS WORDS WORDS"
22055276,"WORDS WORDS WORDS WORDS WORDS WORDS WORDS WORDS"
25608468,"WORDS WORDS WORDS WORDS WORDS WORDS WORDS"
4360625,"WORDS WORDS WORDS WORDS WORDS WORDS"
3392722,"WORDS WORDS WORDS WORDS WORDS WORDS WORDS WORDS WORDS"
5639012,"WORDS WORDS WORDS WORDS WORDS"
21540730,"WORDS WORDS WORDS WORDS WORDS"
12840922,"WORDS WORDS WORDS WORDS WORDS WORDS WORDS WORDS"
6120829,"WORDS WORDS WORDS WORDS WORDS WORDS WORDS WORDS WORDS WORDS WORDS WORDS WORDS"
21483409,"WORDS WORDS WORDS WORDS WORDS"
6417459,"WORDS WORDS WORDS WORDS WORDS WORDS WORDS WORDS WORDS WORDS WORDS WORDS WORDS WORDS WORDS WORDS WORDS WORDS WORDS WORDS WORDS"
24113241,"WORDS WORDS WORDS WORDS WORDS WORDS WORDS"
16613908,"WORDS WORDS WORDS WORDS WORDS WORDS WORDS WORDS WORDS"
27152362,"WORDS WORDS WORDS WORDS WORDS WORDS"
24194078,"WORDS WORDS WORDS WORDS WORDS WORDS WORDS WORDS"
24443512,"WORDS WORDS WORDS WORDS WORDS WORDS WORDS WORDS WORDS WORDS"
10479651,"WORDS WORDS WORDS WORDS WORDS"
17107505,"WORDS WORDS WORDS WORDS WORDS WORDS WORDS WORDS"
18571320,"WORDS WORDS WORDS WORDS"
28140899,"WORDS WORDS WORDS WORDS WORDS WORDS WORDS WORDS"
25711711,"WORDS WORDS WORDS WORDS"
4753950,"WORDS WORDS WORDS WORDS WORDS WORDS WORDS"
2105762,"WORDS WORDS WORDS WORDS WORDS"
26930100,"WORDS WORDS WORDS WORDS"
3130367,"WORDS WORDS WORDS WORDS WORDS WORDS WORDS"
27176073,"WORDS WORDS WORDS WORDS WORDS WORDS WORDS WORDS WORDS"
19558473,"WORDS WORDS WORDS WORDS WORDS WORDS WORDS WORDS WORDS"
17545596,"WORDS WORDS WORDS WORDS WORDS WORDS WORDS WORDS WORDS WORDS WORDS WORDS WORDS WORDS WORDS WORDS WORDS"
28621649,"WORDS WORDS WORDS WORDS WORDS WORDS WORDS WORDS WORDS WORDS WORDS WORDS WORDS WORDS"
7939752,"WORDS WORDS WORDS WORDS WORDS WORDS WORDS WORDS"
20971757,"WORDS WORDS WORDS WORDS WORDS"
8351412,"WORDS WORDS WORDS"
14537379,"WORDS WORDS WORDS WORDS WORDS WORDS WORDS WORDS WORDS WORDS"
11707898,"WORDS WORDS WORDS WORDS WORDS WORDS WORDS WORDS"
8909891,"WORDS WORDS"
22237946,"WORDS WORDS WORDS WORDS WORDS WORDS WORDS WORDS WORDS WORDS WORDS"
9047489,"WORDS WORDS WORDS WORDS WORDS WORDS WORDS WORDS WORDS WORDS WORDS WORDS"
7184319,"WORDS WORDS WORDS WORDS WORDS WORDS WORDS WORDS"
1528313,"WORDS WORDS WORDS WORDS WORDS WORDS WORDS WORDS WORDS WORDS WORDS WORDS WORDS WORDS WORDS WORDS"
12667321,"WORDS WORDS WORDS WORDS WORDS WORDS"
15954838,"WORDS WORDS WORDS WORDS"
16543898,"WORDS WORDS WORDS WORDS WORDS WORDS WORDS"
10755560,"WORDS WORDS WORDS WORDS WORDS WORDS WORDS WORDS WORDS WORDS WORDS WORDS WORDS WORDS WORDS WORDS"
14865945,"WORDS WORDS WORDS WORDS WORDS WORDS WORDS WORDS WORDS WORDS"
9175075,"WORDS WORDS WORDS WORDS WORDS WORDS"
26195332,"WORDS WORDS WORDS WORDS WORDS WORDS WORDS"
25643041,"WORDS WORDS WORDS WORDS WORDS WORDS WORDS"
6111543,"WORDS WORDS WORDS WORDS WORDS WORDS WORDS WORDS WORDS WORDS"
1202999,"WORDS WORDS WORDS WORDS"
10739640,"WORDS WORDS WORDS WORDS WORDS WORDS WORDS WORDS"
1904231,"WORDS WORDS WORDS WORDS WORDS WORDS WORDS WORDS WORDS WORDS WORDS WORDS WORDS WORDS WORDS"
12540914,"WORDS WORDS WORDS"
